categoria,balance_medio
Demanda,196396.83884776215
No-Renovable,130939.56177202916
Renovable,89693.96161543072
Almacenamiento,-4257.59093801427
