frontera,intercambio_total
andorra,-5349225.002853394
marruecos,-41611869.54891586
francia,-71254253.01752621
portugal,-181357911.0896454
